name : image_1.jpg,2,2,
name : image_2.jpg,2,2,
name : image_3.jpg,2,2,
name : image_4.jpg,2,2,
name : image_5.jpg,1,2,
name : image_6.jpg,2,2,
name : image_7.jpg,2,2,
name : image_8.jpg,2,2,
name : image_9.jpg,2,2,
name : image_10.jpg,1,2,
name : image_11.jpg,2,2,
name : image_12.jpg,2,2,
name : image_13.jpg,1,2,
name : image_14.jpg,2,2,
name : image_15.jpg,1,2,
name : image_16.jpg,2,2,
name : image_17.jpg,2,2,
name : image_18.jpg,2,2,
name : image_19.jpg,2,3,
name : image_20.jpg,1,2,
name : image_21.jpg,2,2,
name : image_22.jpg,2,2,
name : image_23.jpg,2,2,
name : image_24.jpg,2,2,
name : image_25.jpg,1,2,
